covariate,coef,exp(coef),p
"Neomycin, kanamycin and gentamicin biosynthesis",1.2028523987052917,3.3296007393312985,0.01525072664900022
Central carbon metabolism in cancer,-0.802410883752152,0.4482469890004438,2.323025869886906e-12
Phospholipase D signaling pathway,0.3959337147488184,1.4857708295946384,0.0026100708467282816
Serotonergic synapse,0.32423093092025884,1.3829666400050056,0.027695781687697523
Olfactory transduction,0.28902876342237366,1.3351301308880927,4.68695426591421e-06
PI3K-Akt signaling pathway,0.2811295042995852,1.324625137478494,0.0034200808471711664
Taste transduction,0.26865460976460737,1.3082032223878914,0.02022809926067259
Insulin resistance,0.2398694153132955,1.2710831554878141,0.03699240739105073
